Title,Date
Est ut est sed est magnam.,2022-12-09
Sed adipisci eius aliquam est consectetur.,2021-02-03
Etincidunt adipisci consectetur ipsum adipisci amet.,2020-01-31
Neque quisquam non consectetur quiquia porro ut.,2023-01-18
Consectetur ut sit velit sit.,2023-12-27
Non magnam non quisquam amet.,2022-05-17
Etincidunt porro etincidunt amet.,2022-10-24
Ut tempora modi voluptatem quiquia consectetur.,2019-11-21
Porro consectetur est velit ipsum.,2023-10-02
Eius non dolorem quiquia amet aliquam.,2022-01-07
Voluptatem eius modi eius quiquia.,2020-08-21
Ipsum sit ut quisquam non neque.,2020-11-10
Ipsum tempora ipsum quisquam.,2021-10-14
Quiquia velit modi neque non porro.,2020-07-07
Ipsum quaerat tempora aliquam adipisci labore.,2020-01-16
Tempora adipisci numquam sit sit quisquam modi.,2024-03-16
Eius ipsum etincidunt non dolore amet.,2021-02-16
Dolor neque dolorem sed dolorem.,2024-03-28
Est ipsum modi sed.,2023-09-20
Amet quiquia aliquam quiquia sit.,2024-09-17
Dolorem est ipsum quiquia amet.,2021-09-18
Numquam velit dolorem velit ipsum.,2023-05-14
Voluptatem neque quaerat adipisci quisquam aliquam est.,2019-12-04
Ut amet eius quaerat labore.,2020-06-18
Ut dolore ipsum eius modi dolor.,2021-02-09
Aliquam ipsum ipsum non adipisci neque velit.,2024-04-30
Neque voluptatem porro etincidunt dolore dolorem adipisci.,2020-04-10
Dolor ipsum amet est sed non dolore.,2023-05-11
Quiquia velit est quiquia etincidunt quaerat adipisci.,2021-03-01
Labore labore porro aliquam amet.,2020-10-12
Sit quiquia quisquam voluptatem modi magnam dolor voluptatem.,2022-04-11
Labore etincidunt eius velit quaerat dolor sed.,2020-04-27
Labore quaerat adipisci labore etincidunt aliquam.,2022-09-03
Eius quaerat neque non sed velit eius.,2019-10-15
Dolore quiquia dolore neque dolor.,2022-07-19
Amet adipisci quiquia est dolore non ipsum.,2022-08-19
Quaerat est dolor adipisci etincidunt modi quiquia.,2022-12-26
Consectetur quisquam quisquam voluptatem non etincidunt.,2019-10-31
Velit aliquam ut ipsum.,2022-08-11
Ipsum adipisci ipsum neque quisquam est.,2023-01-18
Numquam ipsum eius consectetur.,2020-03-17
Eius porro magnam quiquia.,2021-12-06
Dolore dolore neque velit.,2020-11-06
Neque voluptatem quaerat quisquam.,2023-09-08
Velit consectetur aliquam amet quisquam consectetur ut.,2022-09-25
Magnam numquam tempora neque non.,2022-03-18
Eius magnam quiquia quaerat consectetur quaerat labore.,2024-04-07
Magnam consectetur voluptatem quisquam.,2024-01-11
Amet modi consectetur neque.,2023-01-07
Tempora sed porro ipsum dolor amet.,2023-08-01
Sed tempora dolore ipsum tempora sit magnam quaerat.,2024-03-25
Velit consectetur quiquia ipsum.,2020-11-17
Consectetur dolor consectetur velit neque magnam eius dolorem.,2020-08-31
Dolore sit ipsum velit dolor est.,2020-12-26
Tempora labore adipisci dolore amet quaerat consectetur modi.,2024-01-14
Modi non quiquia porro neque.,2022-11-17
Sit dolor quisquam voluptatem dolorem non.,2023-12-27
Modi eius numquam etincidunt.,2024-03-20
Ipsum ut neque dolor.,2024-08-21
Neque ipsum dolore etincidunt.,2020-08-26
Tempora non quisquam adipisci.,2024-09-01
Modi numquam ipsum consectetur dolorem tempora amet.,2021-07-14
Numquam aliquam consectetur magnam sit magnam non neque.,2021-03-22
Etincidunt voluptatem est sed.,2023-03-03
Modi aliquam sed voluptatem ipsum dolor sit velit.,2021-08-23
Quiquia magnam adipisci ut.,2023-12-26
Numquam est porro quiquia est.,2019-11-25
Magnam eius quisquam quaerat velit.,2020-06-08
Ut consectetur consectetur quisquam.,2023-07-12
Neque dolor non quisquam sed.,2022-08-16
Dolor numquam tempora sed quiquia adipisci.,2024-02-29
Modi sed quisquam dolore.,2023-12-28
Dolorem dolorem adipisci adipisci amet.,2021-01-13
Adipisci modi labore ut adipisci ut.,2022-05-05
Sit dolorem aliquam amet sed.,2023-08-29
Eius quisquam magnam eius sit.,2020-01-12
Neque sit numquam quiquia labore.,2021-01-20
Quisquam dolorem ipsum non.,2024-09-17
Dolore dolor tempora dolor ut.,2023-11-17
Ut quisquam aliquam etincidunt voluptatem.,2024-03-28
Consectetur non est porro magnam labore eius.,2023-02-28
Eius aliquam dolore modi adipisci consectetur quisquam sit.,2023-09-05
Labore quiquia quiquia tempora sed sed quiquia.,2022-06-13
Eius ut est amet.,2022-03-02
Neque ipsum quisquam eius sed consectetur quiquia.,2020-10-26
Quisquam modi dolor consectetur etincidunt aliquam est quisquam.,2020-09-17
Numquam dolor modi magnam.,2022-02-24
Quaerat ut est sit quiquia quaerat.,2023-06-11
Non porro dolore modi sit voluptatem quaerat.,2019-10-09
Velit aliquam dolore est adipisci velit non.,2020-05-14
Tempora quisquam modi ipsum consectetur amet modi.,2019-12-30
Consectetur adipisci dolorem etincidunt non.,2021-10-22
Dolorem magnam amet quaerat eius etincidunt quiquia ipsum.,2021-11-12
Magnam neque aliquam magnam.,2019-11-11
Dolorem sit neque consectetur labore numquam dolor.,2020-07-09
Quiquia dolore velit eius neque.,2022-05-02
Voluptatem magnam sit quiquia non consectetur sit.,2024-04-27
Tempora ut porro neque non.,2022-09-05
Amet amet modi labore numquam ut dolorem.,2020-06-05
Labore numquam ut eius voluptatem dolore est magnam.,2024-03-22
Ut labore eius non.,2023-03-02
Non dolore dolore porro ut consectetur.,2023-04-02
Velit tempora non quisquam dolore ipsum etincidunt est.,2020-06-27
Porro tempora consectetur consectetur tempora porro non.,2020-09-12
Etincidunt eius amet aliquam eius quaerat.,2024-05-26
Tempora ipsum porro sit.,2024-05-19
Quiquia dolorem consectetur quiquia non ipsum.,2021-01-09
Adipisci numquam modi dolorem voluptatem adipisci porro.,2021-02-20
Neque porro etincidunt etincidunt adipisci.,2021-11-22
Est eius velit dolorem quisquam dolorem consectetur.,2023-08-03
Ut voluptatem numquam tempora porro numquam aliquam.,2020-03-16
Velit numquam amet velit.,2020-09-11
Ut consectetur ut voluptatem.,2022-07-09
Neque sit velit eius magnam sed porro.,2024-04-04
Dolor quiquia labore porro adipisci dolor non.,2022-01-11
Tempora aliquam ut est adipisci magnam aliquam.,2022-01-17
Consectetur sed tempora ipsum sit sed consectetur.,2023-05-01
Est voluptatem non dolore modi quaerat.,2021-09-21
Numquam non non dolorem.,2024-04-06
Dolorem ut eius dolor dolorem consectetur.,2022-02-16
Tempora est ipsum ipsum voluptatem quaerat dolor.,2020-10-30
Neque magnam dolore dolore quiquia sed etincidunt.,2020-11-25
Numquam quisquam numquam sit quaerat tempora.,2021-02-12
Ipsum ipsum ut dolor quaerat est velit.,2020-08-12
Dolore numquam sed quiquia porro quisquam neque amet.,2023-11-23
Numquam velit sed sed ipsum neque porro modi.,2023-07-20
Dolore dolorem neque est.,2022-06-06
Quiquia adipisci aliquam velit amet magnam dolore.,2023-02-08
Modi etincidunt est porro voluptatem sit aliquam.,2024-03-19
Sed labore non porro.,2021-05-10
Non non quiquia aliquam ipsum modi.,2021-07-01
Quiquia modi dolorem quaerat dolor magnam.,2020-05-20
Numquam porro ipsum consectetur.,2022-06-11
Eius aliquam consectetur porro velit aliquam numquam.,2021-01-22
Labore est neque quisquam magnam quisquam labore.,2022-04-07
Velit aliquam consectetur quiquia amet adipisci.,2023-11-21
Numquam dolore quisquam velit consectetur.,2021-02-13
