Title,Date
"Creating The Queen's Gambit","9/14/24"
"Puff: Wonders of the Reef","9/14/24"
"Blown Away: Christmas: Santa's Elves","8/30/24"
"Blown Away: Season 4: Final Gallery","4/9/24"
"Blown Away: Season 4: Very Venetian","4/8/24"
"Bo Burnham: Inside","4/7/24"
"Blown Away: Season 4: Highs & Lows","4/4/24"
"Blown Away: Season 4: The Medium Is the Message","4/4/24"
"Blown Away: Season 4: The Kids Are Alright","4/3/24"
"Blown Away: Season 4: Sweet Tooth","4/2/24"
"Blown Away: Season 4: The Dark Side","4/2/24"
"Blown Away: Season 4: Nature Calls","4/2/24"
"Blown Away: Season 4: All Grown Up","4/2/24"
"Blown Away: Season 4: Star Power","4/1/24"
"Downton Abbey: Series 5: Episode 6","3/12/24"
"Downton Abbey: Series 5: Episode 5","3/12/24"
"Downton Abbey: Series 5: Episode 4","3/4/24"
"Downton Abbey: Series 5: Episode 3","3/4/24"
"Downton Abbey: Series 5: Episode 2","2/25/24"
"Downton Abbey: Series 5: Episode 1","2/25/24"
"The 30th Annual Screen Actors Guild Awards","2/24/24"
"Downton Abbey: Series 4: The London Season","2/24/24"
"Downton Abbey: Series 4: Episode 8","2/24/24"
"Downton Abbey: Series 4: Episode 7","2/23/24"
"Downton Abbey: Series 4: Episode 6","2/23/24"
"Downton Abbey: Series 4: Episode 5","2/23/24"
"Downton Abbey: Series 4: Episode 4","2/23/24"
"Downton Abbey: Series 4: Episode 3","2/23/24"
"Downton Abbey: Series 4: Episode 2","2/23/24"
"Downton Abbey: Series 4: Episode 1","2/20/24"
"Downton Abbey: Series 3: A Journey to the Highlands","2/20/24"
"Downton Abbey: Series 3: Episode 8","2/19/24"
"Downton Abbey: Series 3: Episode 7","2/19/24"
"Downton Abbey: Series 3: Episode 6","2/19/24"
"Downton Abbey","2/19/24"
"Downton Abbey: Series 3: Episode 5","2/17/24"
"Downton Abbey: Series 3: Episode 4","2/17/24"
"Downton Abbey: Series 3: Episode 3","2/17/24"
"Downton Abbey: Series 3: Episode 2","2/16/24"
"Downton Abbey: Series 3: Episode 1","2/16/24"
"Downton Abbey: Series 2: Christmas at Downton Abbey","2/16/24"
"Downton Abbey: Series 2: Episode 8","2/13/24"
"Downton Abbey: Series 2: Episode 7","2/13/24"
"Downton Abbey: Series 2: Episode 6","2/12/24"
"Downton Abbey: Series 2: Episode 5","2/12/24"
"Downton Abbey: Series 2: Episode 4","2/11/24"
"Downton Abbey: Series 2: Episode 3","2/11/24"
"Downton Abbey: Series 2: Episode 2","2/11/24"
"Downton Abbey: Series 2: Episode 1","2/11/24"
"Downton Abbey: Episode 7","2/11/24"
"Downton Abbey: Episode 6","2/11/24"
"Downton Abbey: Episode 5","2/11/24"
"Downton Abbey: Episode 4","2/11/24"
"Downton Abbey: Episode 3","2/11/24"
"Downton Abbey: Episode 2","2/11/24"
"Downton Abbey: Episode 1","2/11/24"
"Eat the Rich: The GameStop Saga: Limited Series: I Like The Stock","2/11/24"
"The Playlist: Limited Series: The Industry","12/16/23"
"The Playlist: Limited Series: The Vision","12/16/23"
"Fake Profile: Flesh and Bone","6/21/23"
"Chris Rock: Selective Outrage","3/5/23"
"Explained: Season 1: Extraterrestrial Life","3/1/23"
"Explained: Season 2: Pirates","3/1/23"
"Explained: Season 2: The Next Pandemic","3/1/23"
"Explained: Season 2: The Future of Meat","3/1/23"
"Explained: Season 2: Beauty","3/1/23"
"Explained: Season 2: Diamonds","3/1/23"
"Explained: Season 2: Cults","3/1/23"
"Explained: Season 2: Billionaires","3/1/23"
"Explained: Season 2: Animal Intelligence","3/1/23"
"Explained: Season 2: Athleisure","3/1/23"
"Explained: Season 2: Coding","3/1/23"
"Explained: Season 3: Sugar","3/1/23"
"Explained: Season 3: Royalty","3/1/23"
"Explained: Season 3: Flags","3/1/23"
"Explained: Season 3: Dogs","3/1/23"
"Explained: Season 3: The End of Oil","3/1/23"
"Explained: Season 3: Chess","3/1/23"
"Explained: Season 3: Your Skin","3/1/23"
"Explained: Season 3: Apologies","3/1/23"
"Explained: Season 3: Hurricanes","2/26/23"
"Explained: Season 3: Plastic Surgery","2/26/23"
"Explained: Season 3: Dance Crazes","2/26/23"
"Explained: Season 3: Time","2/26/23"
"Explained: Season 3: Country Music","2/26/23"
"Explained: Season 3: Fairy Tales","2/26/23"
"Metal Shop Masters: Test Your Metal","12/12/22"
"Forged in Fire: Season 8: Forged in Fire: WWE Edition","12/12/22"
"Forged in Fire: Season 8: The Deadly Vajra-Mushti","12/12/22"
"The Fairly OddParents: Season 1: Chin Up / Dog's Day Afternoon","11/28/22"
"The Fairly OddParents: Season 1: Spaced Out / TransParents","11/28/22"
"The Fairly OddParents: Season 1: The Big Problem / Power Mad","11/28/22"
"Stranger Things: Chapter One: The Vanishing of Will Byers","10/7/22"
"Inventing Anna: Limited Series: The Devil Wore Anna","5/24/22"
"My Next Guest Needs No Introduction With David Letterman: Season 4: Billie Eilish","5/24/22"
"The IT Crowd: Series 2: The Dinner Party","5/24/22"
"The IT Crowd: Series 2: Moss and the German","5/24/22"
"The IT Crowd: Series 2: Return of the Golden Child","5/24/22"
"The IT Crowd: Series 2: The Work Outing","5/24/22"
"The IT Crowd: Aunt Irma Visits","5/22/22"
"The IT Crowd: The Haunting of Bill Crouse","5/22/22"
"The IT Crowd: The Red Door","5/18/22"
"The IT Crowd: Fifty-Fifty","5/18/22"
"The IT Crowd: Calamity Jen","5/17/22"
"The IT Crowd: Yesterday's Jam","5/17/22"
"Inventing Anna: Limited Series: Life of a VIP","3/13/22"
"The Movies That Made Us: Season 2: Forrest Gump","3/5/22"
"The Movies That Made Us: Season 1: Home Alone","3/5/22"
"The Movies That Made Us: Season 1: Die Hard","3/5/22"
"Seinfeld: Season 1: Seinfeld","1/9/22"
"The Movies That Made Us: Season 3: Elf","12/25/21"
"Enola Holmes","10/1/20"
"Black Books: Cooking the Books","9/30/20"
"The Social Dilemma","9/29/20"
"Broken: Makeup Mayhem","6/13/20"
"Lost in Space: Season 1: Pressurized","4/1/20"
"Lost in Space: Season 1: Eulogy","4/1/20"
"Lost in Space: Season 1: Transmission","3/31/20"
"Lost in Space: Season 1: The Robinsons Were Here","3/31/20"
"Lost in Space: Season 1: Infestation","3/30/20"
"Lost in Space: Season 1: Diamonds In The Sky","3/30/20"
"Lost in Space: Season 1: Impact","3/30/20"
"The Lord of the Rings: The Fellowship of the Ring","2/8/20"
"Star Trek: The Next Generation: The Battle","1/23/20"
"Star Trek: The Next Generation: Justice","1/23/20"
"Star Trek: The Next Generation: Lonely Among Us","1/23/20"
"Star Trek: The Next Generation: Where No One Has Gone Before","1/23/20"
"The Terminator","1/18/20"
"Star Trek: The Next Generation: The Last Outpost","1/16/20"
"Star Trek: The Next Generation: Code of Honor","1/16/20"
"Star Trek: The Next Generation: The Naked Now","1/16/20"
"Star Trek: The Next Generation: Encounter at Farpoint: Parts 1 & 2","1/16/20"
"Brooklyn Nine-Nine:  : Episode 19","1/12/20"
"Brooklyn Nine-Nine:  : Episode 18","1/12/20"
"Brooklyn Nine-Nine:  : Episode 17","1/12/20"
"Brooklyn Nine-Nine:  : Episode 16","1/12/20"
"Brooklyn Nine-Nine: Season 1: Pilot","1/12/20"
